{
  "protocol_version" : "0.0.2",
  "configuration" : {
    "version" : "5.18.0.240 (tarball)",
    "tlc" : "normal",
    "sigsgev" : "normal",
    "notifications" : "kqueue",
    "architecture" : "amd64",
    "disabled_features" : "none",
    "smallconfig" : "disabled",
    "bigarrays" : "disabled",
    "softdebug" : "enabled",
    "interpreter" : "enabled",
    "llvm_support" : "disabled",
    "suspend" : "preemptive"
  },
  "memory" : {
    "Resident Size" : "95301632",
    "Virtual Size" : "4968075264",
    "minor_gc_time" : "0",
    "major_gc_time" : "0",
    "minor_gc_count" : "0",
    "major_gc_count" : "0",
    "major_gc_time_concurrent" : "0"
 },
  "threads" : [
 {
    "is_managed" : false,
    "crashed" : false,
    "managed_thread_ptr" : "0x0",
    "native_thread_id" : "0x700005e99000",
    "thread_info_addr" : "0x0",
    "thread_name" : "Debugger agent",
    "ctx" : {
      "IP" : "0x7fff5f1811ea",
      "SP" : "0x700005e98a78",
      "BP" : "0x700005e98ab0"
  },
    "unmanaged_frames" : [
  {
      "native_address" : "unregistered"
   }

  ]
 },
 {
    "is_managed" : false,
    "crashed" : true,
    "managed_thread_ptr" : "0x0",
    "native_thread_id" : "0x10da475c0",
    "thread_info_addr" : "0x0",
    "thread_name" : "tid_307",
    "ctx" : {
      "IP" : "0x7fff5f1832c6",
      "SP" : "0x7ffeef9053b8",
      "BP" : "0x7ffeef9053f0"
  },
    "unmanaged_frames" : [
  {
      "native_address" : "unregistered"
   }

  ]
 },
 {
    "is_managed" : false,
    "crashed" : false,
    "managed_thread_ptr" : "0x0",
    "native_thread_id" : "0x700005c96000",
    "thread_info_addr" : "0x0",
    "thread_name" : "Finalizer",
    "ctx" : {
      "IP" : "0x7fff5f17d266",
      "SP" : "0x700005c95d68",
      "BP" : "0x700005c95e20"
  },
    "unmanaged_frames" : [
  {
      "native_address" : "unregistered"
   }

  ]
 }
 ]
}